<!DOCTYPE suite SYSTEM "https://testng.org/testng-1.0.dtd" >

<suite name="Suite1" verbose="1" >


    <test name="Regression">
        <classes>

            <class name="RegisterTests">
                <methods>
                    <include name="emptyDataReg_1"/>
                    <include name="invalidDataReg_2"/>
                    <include name="invalidDataReg_3"/>
                    <include name="invalidDataReg_4"/>
                    <include name="validDataReg"/>
                </methods>
            </class>

            <class name="LoginTests">
                <methods>
                    <include name="invalidDataLogin_1"/>
                    <include name="invalidDataLogin_2"/>
                    <include name="invalidDataLogin_3"/>
                    <include name="validDataLogin"/>
                </methods>
            </class>

            <class name="DashboardTests">
                <methods>
                    <include name="addToCart"/>
                </methods>
            </class>

            <class name="UpdateProfileTests">
                <methods>
                    <include name="validUpdate"/>
                </methods>
            </class>

        </classes>
    </test>
</suite>











<!--                        <methods>-->
<!--                            <include name="validDataReg"    />-->
<!--                            <include name="EmptyDataReg"    />-->
<!--                        </methods>-->
